demo_rank,original_index,original_image,input_sar,ground_truth_mask,model_prediction,dice,iou,precision,recall,predicted_pixels
1,299,A:\SIH26143_DATA\OFFICIAL_DATASET\PART_I_OIL\Oil\00809.tif,C:\SlickTrace\demo_tiffs\01_oil_scene\input_sar.tif,C:\SlickTrace\demo_tiffs\01_oil_scene\ground_truth_mask.tif,C:\SlickTrace\demo_tiffs\01_oil_scene\model_prediction.tif,0.9748555447085828,0.95094456169249,0.971579434533827,0.9781538233456524,95072
2,108,A:\SIH26143_DATA\OFFICIAL_DATASET\PART_I_OIL\Oil\01024.tif,C:\SlickTrace\demo_tiffs\02_oil_scene\input_sar.tif,C:\SlickTrace\demo_tiffs\02_oil_scene\ground_truth_mask.tif,C:\SlickTrace\demo_tiffs\02_oil_scene\model_prediction.tif,0.9742611596620372,0.9498140475416096,0.9621130734963402,0.986719943589141,69813
3,126,A:\SIH26143_DATA\OFFICIAL_DATASET\PART_I_OIL\Oil\00811.tif,C:\SlickTrace\demo_tiffs\03_oil_scene\input_sar.tif,C:\SlickTrace\demo_tiffs\03_oil_scene\ground_truth_mask.tif,C:\SlickTrace\demo_tiffs\03_oil_scene\model_prediction.tif,0.9695306767061226,0.9408632113443556,0.962962024032855,0.976189558356784,78892
4,71,A:\SIH26143_DATA\OFFICIAL_DATASET\PART_I_OIL\Oil\00867.tif,C:\SlickTrace\demo_tiffs\04_oil_scene\input_sar.tif,C:\SlickTrace\demo_tiffs\04_oil_scene\ground_truth_mask.tif,C:\SlickTrace\demo_tiffs\04_oil_scene\model_prediction.tif,0.9657210401891252,0.9337142857142856,0.9701691255847428,0.9613135563003636,55580
5,17,A:\SIH26143_DATA\OFFICIAL_DATASET\PART_I_OIL\Oil\00494.tif,C:\SlickTrace\demo_tiffs\05_oil_scene\input_sar.tif,C:\SlickTrace\demo_tiffs\05_oil_scene\ground_truth_mask.tif,C:\SlickTrace\demo_tiffs\05_oil_scene\model_prediction.tif,0.9606802521624396,0.9243356090955256,0.9642142436727488,0.9571720712825008,16990
6,259,A:\SIH26143_DATA\OFFICIAL_DATASET\PART_I_OIL\Oil\00388.tif,C:\SlickTrace\demo_tiffs\06_oil_scene\input_sar.tif,C:\SlickTrace\demo_tiffs\06_oil_scene\ground_truth_mask.tif,C:\SlickTrace\demo_tiffs\06_oil_scene\model_prediction.tif,0.9563637828258418,0.916376575561336,0.9660916266579868,0.9468298907408884,122890
7,348,A:\SIH26143_DATA\OFFICIAL_DATASET\PART_I_OIL\Oil\00913.tif,C:\SlickTrace\demo_tiffs\07_oil_scene\input_sar.tif,C:\SlickTrace\demo_tiffs\07_oil_scene\ground_truth_mask.tif,C:\SlickTrace\demo_tiffs\07_oil_scene\model_prediction.tif,0.9543976463301332,0.9127730470196224,0.9336797297502007,0.9760558696375125,66013
8,298,A:\SIH26143_DATA\OFFICIAL_DATASET\PART_I_OIL\Oil\00795.tif,C:\SlickTrace\demo_tiffs\08_oil_scene\input_sar.tif,C:\SlickTrace\demo_tiffs\08_oil_scene\ground_truth_mask.tif,C:\SlickTrace\demo_tiffs\08_oil_scene\model_prediction.tif,0.9534187428872858,0.9109839646063956,0.9790253982265378,0.9291174426685198,99692
9,193,A:\SIH26143_DATA\OFFICIAL_DATASET\PART_I_OIL\Oil\00006.tif,C:\SlickTrace\demo_tiffs\09_oil_scene\input_sar.tif,C:\SlickTrace\demo_tiffs\09_oil_scene\ground_truth_mask.tif,C:\SlickTrace\demo_tiffs\09_oil_scene\model_prediction.tif,0.9503921868513624,0.9054736206663266,0.9284829985698734,0.973360334757994,93698
10,173,A:\SIH26143_DATA\OFFICIAL_DATASET\PART_I_OIL\Oil\00295.tif,C:\SlickTrace\demo_tiffs\10_oil_scene\input_sar.tif,C:\SlickTrace\demo_tiffs\10_oil_scene\ground_truth_mask.tif,C:\SlickTrace\demo_tiffs\10_oil_scene\model_prediction.tif,0.9478406636507236,0.9008527804728592,0.9638845178774368,0.9323221646760383,91512
11,38,A:\SIH26143_DATA\OFFICIAL_DATASET\PART_I_OIL\Oil\00234.tif,C:\SlickTrace\demo_tiffs\11_oil_scene\input_sar.tif,C:\SlickTrace\demo_tiffs\11_oil_scene\ground_truth_mask.tif,C:\SlickTrace\demo_tiffs\11_oil_scene\model_prediction.tif,0.9465472919067458,0.8985190171659374,0.9564832802414048,0.9368156121313148,178621
12,243,A:\SIH26143_DATA\OFFICIAL_DATASET\PART_I_OIL\Oil\00507.tif,C:\SlickTrace\demo_tiffs\12_oil_scene\input_sar.tif,C:\SlickTrace\demo_tiffs\12_oil_scene\ground_truth_mask.tif,C:\SlickTrace\demo_tiffs\12_oil_scene\model_prediction.tif,0.943007908445572,0.8921617446151097,0.944684417945962,0.9413373389285932,147933
