step,hours_before_detection,latitude,longitude,distance_from_spill_km
0,0.0,28.942782,-88.83495800000001,0.0
1,0.5,28.94621589168182,-88.83888217893077,0.54
2,1.0,28.949649669526572,-88.84280661802116,1.08
3,1.5,28.953083333510605,-88.84673131731664,1.62
4,2.0,28.956516883610245,-88.85065627686261,2.16
5,2.5,28.959950319801838,-88.85458149670455,2.7
6,3.0,28.963383642061714,-88.85850697688791,3.24
7,3.5,28.96681685036619,-88.86243271745813,3.78
8,4.0,28.9702499446916,-88.86635871846067,4.32
9,4.5,28.973682925014252,-88.87028497994099,4.86
10,5.0,28.977115791310474,-88.87421150194456,5.4
11,5.5,28.980548543556562,-88.87813828451685,5.94
12,6.0,28.983981181728836,-88.88206532770333,6.48
13,6.5,28.987413705803583,-88.88599263154946,7.02
14,7.0,28.990846115757122,-88.88992019610075,7.56
15,7.5,28.994278411565727,-88.89384802140266,8.1
16,8.0,28.9977105932057,-88.89777610750068,8.64
17,8.5,29.001142660653326,-88.90170445444029,9.18
18,9.0,29.004574613884888,-88.90563306226703,9.72
19,9.5,29.00800645287666,-88.90956193102636,10.26
20,10.0,29.011438177604923,-88.91349106076377,10.8
21,10.5,29.014869788045942,-88.9174204515248,11.34
22,11.0,29.01830128417599,-88.92135010335495,11.88
23,11.5,29.02173266597133,-88.92528001629974,12.42
24,12.0,29.025163933408212,-88.92921019040465,12.96
