mmsi,vessel_name,imo,call_sign,vessel_type,ais_points,min_distance_km,min_distance_time,min_distance_latitude,min_distance_longitude,first_timestamp,first_latitude,first_longitude,first_distance_km,last_timestamp,last_latitude,last_longitude,last_distance_km,distance_change_km,trajectory_direction,spatial_score,trajectory_score,coverage_score,temporal_compatibility,evidence_score,before_distance_km,after_distance_km,local_direction,approach_pattern,observations_before,observations_after,total_observations,sog_at_min_kmh,cog_at_min_degrees,bearing_to_spill_degrees,heading_difference_degrees,movement_bearing_degrees,movement_to_spill_difference_degrees,geometry_assessment,analysis_date,spill_latitude,spill_longitude,spill_area_km2,spatial_evidence,trajectory_evidence,geometry_evidence,attribution_status,inside_spill_candidate_region,evidence_count,evidence_summary,probable_origin_latitude,probable_origin_longitude,origin_uncertainty_radius_km,temporal_status,evidence_classification,evidence_rank
367594520,HERO,IMO8964147,WDH2114,60.0,536,0.7000233504923842,2025-01-08 11:28:52,29.30303,-88.83532,2025-01-08 08:37:54,29.29264,-89.34832,49.87345227785732,2025-01-08 23:00:02,29.26909,-88.7668,6.651961153479342,43.22149112437798,approaching,98.6,100.0,100.0,unavailable,99.16,24.82,7.289,approaching,approached_then_departed,23,42,536,14.1,92.7,179.95,87.25,89.24,90.71,partially_aligned,2025-01-08,28.942782,-88.834958,57.677181,True,True,False,candidate_only,True,2,2/3 evidence dimensions present,29.02516393340821,-88.92921019040465,5.0,Satellite acquisition timestamp unavailable,two_supporting_evidence_dimensions,1
368129990,PRINCESS IVY,,WDL4286,30.0,708,2.237838580388716,2025-01-08 19:37:38,30.09586,-88.83482,2025-01-08 00:00:00,29.97169,-88.58988,23.811056295892108,2025-01-08 22:58:04,30.10071,-88.85097,2.729459415492909,21.0815968803992,approaching,95.52,100.0,100.0,unavailable,97.31,3.56,3.676,near_stationary,approached_then_departed,42,20,708,2.7,110.1,180.01,69.91,111.07,68.94,partially_aligned,2025-01-08,28.942782,-88.834958,57.677181,True,True,False,candidate_only,True,2,2/3 evidence dimensions present,29.02516393340821,-88.92921019040465,5.0,Satellite acquisition timestamp unavailable,two_supporting_evidence_dimensions,2
367305570,ORCHID LADY III,IMO8983753,WDD8991,30.0,590,2.4250493032103244,2025-01-08 11:23:15,30.10239,-88.82562,2025-01-08 00:03:22,30.00843,-88.72345,10.989976610681278,2025-01-08 22:58:54,30.10109,-88.81362,3.0521103929149094,7.937866217766369,approaching,95.15,100.0,100.0,unavailable,97.09,,5.992,insufficient_data,unknown,0,37,590,2.8,89.5,180.4,90.9,,,not_aligned_with_spill,2025-01-08,28.942782,-88.834958,57.677181,True,False,False,candidate_only,True,1,1/3 evidence dimensions present,29.02516393340821,-88.92921019040465,5.0,Satellite acquisition timestamp unavailable,single_supporting_evidence_dimension,3
367003460,JOCK,IMO1101550,WDF2423,31.0,538,2.6010192934227496,2025-01-08 04:24:01,30.28168,-88.83616,2025-01-08 01:00:01,30.18041,-89.30287,45.31672895610771,2025-01-08 23:51:15,30.35718,-88.50671,31.83575085034588,13.480978105761832,approaching,94.8,100.0,100.0,unavailable,96.88,14.792,14.569,near_stationary,approached_then_departed,51,21,538,7.9,86.4,179.95,93.55,86.42,93.54,not_aligned_with_spill,2025-01-08,28.942782,-88.834958,57.677181,True,True,False,candidate_only,True,2,2/3 evidence dimensions present,29.02516393340821,-88.92921019040465,5.0,Satellite acquisition timestamp unavailable,two_supporting_evidence_dimensions,4
367410990,MANNIE,,WDF8287,31.0,917,2.603331901645853,2025-01-08 02:54:06,30.28411,-88.83463,2025-01-08 00:00:05,30.21942,-89.23634,38.8900533515828,2025-01-08 23:37:06,30.35792,-88.50601,31.903141263312712,6.986912088270088,approaching,94.79,100.0,100.0,unavailable,96.88,14.462,14.549,near_stationary,approached_then_departed,51,36,917,7.9,82.5,180.01,97.51,83.77,96.24,not_aligned_with_spill,2025-01-08,28.942782,-88.834958,57.677181,True,True,False,candidate_only,True,2,2/3 evidence dimensions present,29.02516393340821,-88.92921019040465,5.0,Satellite acquisition timestamp unavailable,two_supporting_evidence_dimensions,5
367525740,LAT GONSOULIN,IMO1237082,WDG3408,31.0,797,2.605628508199745,2025-01-08 07:12:08,30.28538,-88.83484,2025-01-08 02:00:39,30.18011,-89.35036,49.90379350351322,2025-01-08 23:59:59,30.34182,-88.50776,31.73458073442197,18.16921276909125,approaching,94.79,100.0,100.0,unavailable,96.87,10.516,10.016,near_stationary,approached_then_departed,37,49,797,5.5,91.1,180.0,88.9,91.44,88.57,partially_aligned,2025-01-08,28.942782,-88.834958,57.677181,True,True,False,candidate_only,True,2,2/3 evidence dimensions present,29.02516393340821,-88.92921019040465,5.0,Satellite acquisition timestamp unavailable,two_supporting_evidence_dimensions,6
367003520,NATHAN P,IMO8968234,WDF2427,31.0,568,2.6057118128174666,2025-01-08 04:10:18,30.28534,-88.83528,2025-01-08 00:00:37,30.18009,-89.3494,49.81106025983895,2025-01-08 23:59:27,30.34601,-88.50461,32.03787916822416,17.773181091614795,approaching,94.79,100.0,100.0,unavailable,96.87,13.284,11.279,approaching,approached_then_departed,51,32,568,7.2,87.9,179.99,92.09,87.73,92.25,not_aligned_with_spill,2025-01-08,28.942782,-88.834958,57.677181,True,True,False,candidate_only,True,2,2/3 evidence dimensions present,29.02516393340821,-88.92921019040465,5.0,Satellite acquisition timestamp unavailable,two_supporting_evidence_dimensions,7
367129650,BRITNEY LEE,,WDC2895,31.0,486,2.6061621305626783,2025-01-08 14:26:00,30.28554,-88.83533,2025-01-08 08:08:19,30.18095,-89.35065,49.93167376466507,2025-01-08 23:59:50,30.42479,-88.91201,7.979036931472569,41.9526368331925,approaching,94.79,100.0,97.2,unavailable,96.45,8.254,6.308,approaching,approached_then_departed,36,26,486,4.4,84.8,179.99,95.19,83.74,96.25,not_aligned_with_spill,2025-01-08,28.942782,-88.834958,57.677181,True,True,False,candidate_only,True,2,2/3 evidence dimensions present,29.02516393340821,-88.92921019040465,5.0,Satellite acquisition timestamp unavailable,two_supporting_evidence_dimensions,8
368031260,THE BROTHERS,,WDJ9979,30.0,462,2.243418576215989,2025-01-08 21:24:10,30.09863,-88.8353,2025-01-08 00:03:53,29.92002,-88.64027,18.948730129315795,2025-01-08 22:59:40,30.1124,-88.81834,2.781586453343016,16.167143675972778,approaching,95.51,100.0,92.4,unavailable,96.17,2.765,2.675,near_stationary,approached_then_departed,32,40,462,3.4,272.3,179.99,92.31,272.08,92.1,not_aligned_with_spill,2025-01-08,28.942782,-88.834958,57.677181,True,True,False,candidate_only,True,2,2/3 evidence dimensions present,29.02516393340821,-88.92921019040465,5.0,Satellite acquisition timestamp unavailable,two_supporting_evidence_dimensions,9
368110390,PEARL RIVER,,WDL2253,52.0,416,2.611545532098242,2025-01-08 14:17:55,30.28559,-88.8332,2025-01-08 09:56:45,30.18032,-89.33652,48.56685175359537,2025-01-08 23:59:25,30.36574,-88.56739,25.99989114948178,22.5669606041136,approaching,94.78,100.0,83.2,unavailable,94.35,11.838,11.662,near_stationary,approached_then_departed,39,26,416,6.5,90.4,180.07,89.67,90.32,89.75,partially_aligned,2025-01-08,28.942782,-88.834958,57.677181,True,True,False,candidate_only,True,2,2/3 evidence dimensions present,29.02516393340821,-88.92921019040465,5.0,Satellite acquisition timestamp unavailable,two_supporting_evidence_dimensions,10
367677940,JUSTIN DANG,IMO8940115,WDI2417,30.0,374,2.251045092147141,2025-01-08 21:01:54,30.10265,-88.83514,2025-01-08 00:01:12,29.97947,-88.63085,19.862066186659305,2025-01-08 22:58:54,30.10531,-88.80745,3.489003205933705,16.3730629807256,approaching,95.5,100.0,74.8,unavailable,93.52,3.746,3.155,near_stationary,approached_then_departed,20,34,374,3.5,268.2,179.99,88.21,273.2,93.21,partially_aligned,2025-01-08,28.942782,-88.834958,57.677181,True,True,False,candidate_only,True,2,2/3 evidence dimensions present,29.02516393340821,-88.92921019040465,5.0,Satellite acquisition timestamp unavailable,two_supporting_evidence_dimensions,11
367768880,TEE GOLDING,,WDJ3535,31.0,364,2.608278241783644,2025-01-08 16:04:36,30.28532,-88.83371,2025-01-08 11:09:57,30.18044,-89.34059,48.95997591329979,2025-01-08 23:59:28,30.34985,-88.50537,31.96471911156072,16.995256801739075,approaching,94.78,100.0,72.8,unavailable,92.79,10.876,11.508,near_stationary,approached_then_departed,28,19,364,6.0,89.0,180.05,91.05,89.73,90.32,not_aligned_with_spill,2025-01-08,28.942782,-88.834958,57.677181,True,True,False,candidate_only,True,2,2/3 evidence dimensions present,29.02516393340821,-88.92921019040465,5.0,Satellite acquisition timestamp unavailable,two_supporting_evidence_dimensions,12
367533930,MISSION,,WDG4189,52.0,360,2.6538795894251024,2025-01-08 23:52:32,30.28562,-88.82977,2025-01-08 00:02:07,30.34163,-88.50702,31.8058268657394,2025-01-08 23:52:32,30.28562,-88.82977,2.6538795894251024,29.1519472763143,approaching,94.69,100.0,72.0,unavailable,92.62,14.598,,insufficient_data,unknown,9,0,360,7.9,263.2,180.19,83.01,,,partially_aligned,2025-01-08,28.942782,-88.834958,57.677181,True,False,False,candidate_only,True,1,1/3 evidence dimensions present,29.02516393340821,-88.92921019040465,5.0,Satellite acquisition timestamp unavailable,single_supporting_evidence_dimension,13
367652980,MICHELLE GOLDING,,WDH7930,31.0,329,2.6006046056652576,2025-01-08 18:48:51,30.28174,-88.83603,2025-01-08 13:52:21,30.18035,-89.35107,49.97234172638364,2025-01-08 23:59:01,30.35791,-88.50621,31.883887937525618,18.088453788858025,approaching,94.8,100.0,65.8,unavailable,91.75,11.201,9.522,approaching,approached_then_departed,39,26,329,6.1,85.6,179.96,94.36,87.55,92.41,not_aligned_with_spill,2025-01-08,28.942782,-88.834958,57.677181,True,True,False,candidate_only,True,2,2/3 evidence dimensions present,29.02516393340821,-88.92921019040465,5.0,Satellite acquisition timestamp unavailable,two_supporting_evidence_dimensions,14
367602270,MIA KATE,,WDH2891,52.0,314,2.605809679389245,2025-01-08 21:48:26,30.28545,-88.83476,2025-01-08 12:29:36,30.256,-88.31918,49.92820161753755,2025-01-08 22:59:26,30.28098,-88.97765,14.035448652918296,35.892752964619255,approaching,94.79,100.0,62.8,unavailable,91.29,11.507,11.837,near_stationary,approached_then_departed,31,49,314,6.3,265.3,180.01,85.29,265.07,85.06,partially_aligned,2025-01-08,28.942782,-88.834958,57.677181,True,True,False,candidate_only,True,2,2/3 evidence dimensions present,29.02516393340821,-88.92921019040465,5.0,Satellite acquisition timestamp unavailable,two_supporting_evidence_dimensions,15
368357320,MS TAYLOR,IMO8975287,WDP8746,70.0,444,6.000955988219074,2025-01-08 11:22:18,29.15143,-88.89655,2025-01-08 06:59:26,28.82424,-89.34702,49.85618342597642,2025-01-08 23:22:48,28.88993,-89.2501,40.40665082338938,9.44953260258704,approaching,88.0,100.0,88.8,unavailable,91.12,10.722,6.783,approaching,approached_then_departed,3,47,444,1.5,195.8,165.51,30.29,39.11,126.4,heading_toward_spill,2025-01-08,28.942782,-88.834958,57.677181,True,True,True,candidate_only,True,3,3/3 evidence dimensions present,29.02516393340821,-88.92921019040465,5.0,Satellite acquisition timestamp unavailable,multiple_supporting_evidence_dimensions,16
367619730,SARAH GOLDING,,WDH4635,31.0,288,2.604400413335868,2025-01-08 18:54:27,30.28476,-88.83495,2025-01-08 13:58:19,30.1802,-89.35114,49.97912775298246,2025-01-08 23:57:38,30.34496,-88.50459,32.03980228615156,17.9393254668309,approaching,94.79,100.0,57.6,unavailable,90.51,11.162,11.606,near_stationary,approached_then_departed,40,32,288,5.8,86.5,180.0,93.5,86.54,93.46,not_aligned_with_spill,2025-01-08,28.942782,-88.834958,57.677181,True,True,False,candidate_only,True,2,2/3 evidence dimensions present,29.02516393340821,-88.92921019040465,5.0,Satellite acquisition timestamp unavailable,two_supporting_evidence_dimensions,17
367556640,CAPT DONALD LOWE SR,IMO9645607,WDG6405,52.0,193,0.2638145439170772,2025-01-08 06:34:53,28.88078,-88.83737,2025-01-08 01:29:32,29.27328,-89.34631,49.68242280457142,2025-01-08 08:10:52,28.8754,-88.49499,33.09227798968606,16.590144814885356,approaching,99.47,100.0,38.6,unavailable,90.47,20.895,17.62,approaching,approached_then_departed,51,35,193,11.3,91.9,1.95,89.95,91.62,89.67,partially_aligned,2025-01-08,28.942782,-88.834958,57.677181,True,True,False,candidate_only,True,2,2/3 evidence dimensions present,29.02516393340821,-88.92921019040465,5.0,Satellite acquisition timestamp unavailable,two_supporting_evidence_dimensions,18
367752120,AMERICAN SKILL,,WDI9784,52.0,248,2.605589641752452,2025-01-08 22:14:35,30.28514,-88.83546,2025-01-08 17:36:36,30.18021,-89.35062,49.92889373900624,2025-01-08 23:56:35,30.26657,-88.62182,20.76368566330614,29.1652080757001,approaching,94.79,100.0,49.6,unavailable,89.31,12.42,9.658,approaching,approached_then_departed,51,38,248,6.7,79.8,179.98,100.18,83.13,96.85,not_aligned_with_spill,2025-01-08,28.942782,-88.834958,57.677181,True,True,False,candidate_only,True,2,2/3 evidence dimensions present,29.02516393340821,-88.92921019040465,5.0,Satellite acquisition timestamp unavailable,two_supporting_evidence_dimensions,19
367583170,CONNOR BORDELON,IMO9670626,WBCC,90.0,149,0.3216080614768479,2025-01-08 04:27:15,28.78404,-88.83401,2025-01-08 01:20:46,28.75058,-89.34653,49.82693670961016,2025-01-08 06:24:04,28.81497,-88.51839,30.82424661277841,19.00269009683175,approaching,99.36,100.0,29.8,unavailable,89.08,15.678,8.792,approaching,approached_then_departed,44,18,149,8.6,83.0,359.7,83.3,83.26,83.56,partially_aligned,2025-01-08,28.942782,-88.834958,57.677181,True,True,False,candidate_only,True,2,2/3 evidence dimensions present,29.02516393340821,-88.92921019040465,5.0,Satellite acquisition timestamp unavailable,two_supporting_evidence_dimensions,20
367594790,HELLO DOLLY VII,,WDH2141,37.0,222,2.18792052971751,2025-01-08 21:00:34,30.06987,-88.83547,2025-01-08 18:10:12,30.18036,-89.35069,49.93563186323993,2025-01-08 23:00:02,29.87927,-88.49688,32.796548801919016,17.13908306132091,approaching,95.62,100.0,44.4,unavailable,89.03,17.942,17.448,near_stationary,approached_then_departed,24,51,222,10.3,105.4,179.98,74.58,105.23,74.75,partially_aligned,2025-01-08,28.942782,-88.834958,57.677181,True,True,False,candidate_only,True,2,2/3 evidence dimensions present,29.02516393340821,-88.92921019040465,5.0,Satellite acquisition timestamp unavailable,two_supporting_evidence_dimensions,21
367502170,PATRIOT,,WDF9141,31.0,247,2.88641774636277,2025-01-08 21:47:47,30.28418,-88.82206,2025-01-08 16:42:19,30.18004,-89.35016,49.88448452477362,2025-01-08 23:59:28,30.25351,-88.57969,24.809251174893227,25.075233349880392,approaching,94.23,100.0,49.4,unavailable,88.95,10.488,11.222,near_stationary,approached_then_departed,38,19,247,6.3,87.4,180.48,93.08,89.07,91.42,not_aligned_with_spill,2025-01-08,28.942782,-88.834958,57.677181,True,True,False,candidate_only,True,2,2/3 evidence dimensions present,29.02516393340821,-88.92921019040465,5.0,Satellite acquisition timestamp unavailable,two_supporting_evidence_dimensions,22
636023613,CEDAR,IMO9907433,5LOO2,80.0,129,0.3040017525435545,2025-01-08 21:51:31,29.03531,-88.83748,2025-01-08 19:20:00,28.75307,-89.3458,49.75520990778652,2025-01-08 23:58:41,29.43746,-88.93905,10.14999212800272,39.6052177797838,approaching,99.39,100.0,25.8,unavailable,88.51,19.705,1.302,approaching,approaching,20,34,129,13.0,58.0,178.63,120.63,58.04,120.6,not_aligned_with_spill,2025-01-08,28.942782,-88.834958,57.677181,True,False,False,candidate_only,True,1,1/3 evidence dimensions present,29.02516393340821,-88.92921019040465,5.0,Satellite acquisition timestamp unavailable,single_supporting_evidence_dimension,23
563096700,EVER SAFETY,IMO9300465,9V2792,73.0,124,0.222275114393942,2025-01-08 00:39:54,29.0384,-88.8337,2025-01-08 00:00:05,28.94872,-88.98625,14.72136144738613,2025-01-08 19:49:01,29.11427,-88.80858,2.58613883642488,12.13522261096125,approaching,99.56,100.0,24.8,unavailable,88.45,14.721,2.827,approaching,approached_then_departed,22,9,124,14.7,55.0,180.66,125.66,55.75,124.91,not_aligned_with_spill,2025-01-08,28.942782,-88.834958,57.677181,True,True,False,candidate_only,True,2,2/3 evidence dimensions present,29.02516393340821,-88.92921019040465,5.0,Satellite acquisition timestamp unavailable,two_supporting_evidence_dimensions,24
367795630,MISS IVY,IMO8984202,WDJ6224,30.0,174,2.822351272288912,2025-01-08 04:44:45,30.39694,-88.83534,2025-01-08 00:00:14,30.26725,-88.37782,44.26622768716288,2025-01-08 18:23:29,30.41332,-88.88068,5.258475136482248,39.00775255068063,approaching,94.36,100.0,34.8,unavailable,86.83,6.14,5.258,near_stationary,approached_then_departed,29,19,174,6.4,305.2,179.99,125.21,306.33,126.34,not_aligned_with_spill,2025-01-08,28.942782,-88.834958,57.677181,True,True,False,candidate_only,True,2,2/3 evidence dimensions present,29.02516393340821,-88.92921019040465,5.0,Satellite acquisition timestamp unavailable,two_supporting_evidence_dimensions,25
636016288,STAR MISTRAL,IMO9684225,D5FJ8,70.0,177,3.2698029308291794,2025-01-08 17:28:31,27.65309,-88.85645,2025-01-08 08:03:22,29.27368,-89.34875,49.9193631632063,2025-01-08 20:51:52,27.04033,-88.55187,28.034824451661827,21.884538711544472,approaching,93.46,100.0,35.4,unavailable,86.39,9.009,,insufficient_data,unknown,4,0,177,11.6,157.6,0.84,156.76,,,not_aligned_with_spill,2025-01-08,28.942782,-88.834958,57.677181,True,False,False,candidate_only,True,1,1/3 evidence dimensions present,29.02516393340821,-88.92921019040465,5.0,Satellite acquisition timestamp unavailable,single_supporting_evidence_dimension,26
367376530,MATTERHORN TLP,,WDE6150,90.0,775,0.9774632985232912,2025-01-08 02:08:02,28.74251,-88.82575,2025-01-08 00:00:02,28.74249,-88.82556,0.9944859903718076,2025-01-08 23:53:02,28.74246,-88.82555,0.99540544533223,-0.0009194549604223,stationary/near-stationary,98.05,50.0,100.0,unavailable,86.33,0.993,0.99,near_stationary,mixed,50,50,775,0.1,258.6,357.7,99.1,245.48,112.22,not_aligned_with_spill,2025-01-08,28.942782,-88.834958,57.677181,True,False,False,candidate_only,True,1,1/3 evidence dimensions present,29.02516393340821,-88.92921019040465,5.0,Satellite acquisition timestamp unavailable,single_supporting_evidence_dimension,27
338068000,SQUALL,IMO9690391,WDI5397,70.0,95,1.2903030028157618,2025-01-08 04:14:09,28.28301,-88.83659,2025-01-08 01:13:38,28.4833,-89.33511,48.78345206674946,2025-01-08 22:51:19,28.19227,-88.48878,33.837256531532105,14.946195535217356,approaching,97.42,100.0,19.0,unavailable,86.3,10.652,7.877,approaching,approached_then_departed,12,3,95,9.8,117.6,0.12,117.48,118.01,117.89,not_aligned_with_spill,2025-01-08,28.942782,-88.834958,57.677181,True,True,False,candidate_only,True,2,2/3 evidence dimensions present,29.02516393340821,-88.92921019040465,5.0,Satellite acquisition timestamp unavailable,two_supporting_evidence_dimensions,28
367701480,HAWK,IMO8987840,WDI4741,70.0,78,0.9193820840454828,2025-01-08 20:40:28,28.47108,-88.83583,2025-01-08 02:54:09,28.69267,-89.34744,49.930355456687145,2025-01-08 22:59:28,28.61933,-89.18049,33.68071607171259,16.249639384974557,approaching,98.16,100.0,15.6,unavailable,86.24,1.901,14.23,departing,approached_then_departed,2,19,78,9.1,299.2,0.09,60.89,298.23,61.86,partially_aligned,2025-01-08,28.942782,-88.834958,57.677181,True,True,False,candidate_only,True,2,2/3 evidence dimensions present,29.02516393340821,-88.92921019040465,5.0,Satellite acquisition timestamp unavailable,two_supporting_evidence_dimensions,29
636022162,CL AGATHA CHRISTIE,IMO9943346,5LHL7,80.0,99,2.165261835176941,2025-01-08 22:33:39,27.82744,-88.83552,2025-01-08 18:04:04,26.96879,-88.32754,49.97590427460551,2025-01-08 23:59:21,28.12586,-89.01196,17.362970530316844,32.61293374428867,approaching,95.67,100.0,19.8,unavailable,85.37,12.97,11.11,approaching,approached_then_departed,34,26,99,14.1,332.4,0.03,27.63,332.55,27.47,motion_toward_spill,2025-01-08,28.942782,-88.834958,57.677181,True,True,True,candidate_only,True,3,3/3 evidence dimensions present,29.02516393340821,-88.92921019040465,5.0,Satellite acquisition timestamp unavailable,multiple_supporting_evidence_dimensions,30
368356790,CAPTAIN HENRY,,WDP4697,30.0,480,1.407598997138732,2025-01-08 17:40:27,29.667,-88.83575,2025-01-08 08:06:27,28.9225,-89.3469,49.82042218088993,2025-01-08 23:59:27,30.29405,-88.35982,46.00013409269176,3.820288088198169,stationary/near-stationary,97.18,50.0,96.0,unavailable,85.21,5.498,5.633,near_stationary,approached_then_departed,39,41,480,7.8,22.4,179.95,157.55,22.38,157.56,not_aligned_with_spill,2025-01-08,28.942782,-88.834958,57.677181,True,True,False,candidate_only,True,2,2/3 evidence dimensions present,29.02516393340821,-88.92921019040465,5.0,Satellite acquisition timestamp unavailable,two_supporting_evidence_dimensions,31
368299880,LE FAMILY V,,WDN6520,30.0,614,2.236650455158547,2025-01-08 05:26:29,30.09441,-88.83585,2025-01-08 00:05:29,30.1066,-88.86124,3.40103962928052,2025-01-08 22:58:57,30.10786,-88.8663,3.782495818262369,-0.3814561889818493,stationary/near-stationary,95.53,50.0,100.0,unavailable,84.82,2.299,3.617,departing,approached_then_departed,24,29,614,2.9,270.9,179.96,90.94,268.08,88.12,not_aligned_with_spill,2025-01-08,28.942782,-88.834958,57.677181,True,True,False,candidate_only,True,2,2/3 evidence dimensions present,29.02516393340821,-88.92921019040465,5.0,Satellite acquisition timestamp unavailable,two_supporting_evidence_dimensions,32
338106421,C T RANDALL,,,50.0,501,2.3703988884080807,2025-01-08 20:01:12,30.11384,-88.84192,2025-01-08 00:00:03,30.19274,-89.28218,43.31731873964459,2025-01-08 23:57:52,30.07809,-88.40927,41.24966539106465,2.067653348579938,stationary/near-stationary,95.26,50.0,100.0,unavailable,84.66,14.886,19.735,departing,approached_then_departed,51,25,501,10.9,84.2,179.7,95.5,94.4,85.31,not_aligned_with_spill,2025-01-08,28.942782,-88.834958,57.677181,True,True,False,candidate_only,True,2,2/3 evidence dimensions present,29.02516393340821,-88.92921019040465,5.0,Satellite acquisition timestamp unavailable,two_supporting_evidence_dimensions,33
366987910,MEMPHIS,IMO8765931,WDH2052,90.0,351,9.302353537372536,2025-01-08 22:59:28,29.22627,-88.93052,2025-01-08 00:03:26,29.31782,-89.07432,23.260555913938813,2025-01-08 22:59:28,29.22627,-88.93052,9.302353537372536,13.958202376566277,approaching,81.4,100.0,70.2,unavailable,84.37,16.308,,insufficient_data,unknown,47,0,351,5.0,154.4,163.56,9.16,,,heading_toward_spill,2025-01-08,28.942782,-88.834958,57.677181,True,False,True,candidate_only,True,2,2/3 evidence dimensions present,29.02516393340821,-88.92921019040465,5.0,Satellite acquisition timestamp unavailable,two_supporting_evidence_dimensions,34
563146800,PROPEL PASSION,IMO9473676,9V7733,79.0,74,2.8973758310560696,2025-01-08 12:52:19,28.20037,-88.8607,2025-01-08 06:29:09,29.26798,-89.3414,49.206595397951936,2025-01-08 15:51:48,27.66459,-88.49654,33.221608112069255,15.98498728588268,approaching,94.21,100.0,14.8,unavailable,83.74,17.72,,insufficient_data,unknown,2,0,74,12.5,145.4,1.74,143.66,,,not_aligned_with_spill,2025-01-08,28.942782,-88.834958,57.677181,True,False,False,candidate_only,True,1,1/3 evidence dimensions present,29.02516393340821,-88.92921019040465,5.0,Satellite acquisition timestamp unavailable,single_supporting_evidence_dimension,35
210065000,QUEEN B III,IMO9333369,5BPK5,79.0,45,2.286171462215384,2025-01-08 22:02:43,27.77328,-88.83776,2025-01-08 14:12:27,27.85485,-88.46699,36.05202566750153,2025-01-08 22:58:43,27.76161,-88.85285,2.884404605101398,33.16762106240014,approaching,95.43,100.0,9.0,unavailable,83.61,2.36,2.884,near_stationary,departing,1,24,45,1.3,221.2,0.12,138.92,225.57,134.55,not_aligned_with_spill,2025-01-08,28.942782,-88.834958,57.677181,True,False,False,candidate_only,True,1,1/3 evidence dimensions present,29.02516393340821,-88.92921019040465,5.0,Satellite acquisition timestamp unavailable,single_supporting_evidence_dimension,36
311000448,ATHENS SPIRIT,IMO9594793,C6CE4,80.0,51,2.699428468758416,2025-01-08 23:53:24,28.585,-88.86172,2025-01-08 21:29:03,28.37676,-89.34046,49.33408830091786,2025-01-08 23:53:24,28.585,-88.86172,2.699428468758416,46.63465983215944,approaching,94.6,100.0,10.2,unavailable,83.29,21.163,,insufficient_data,unknown,17,0,51,11.5,64.4,3.75,60.65,,,partially_aligned,2025-01-08,28.942782,-88.834958,57.677181,True,False,False,candidate_only,True,1,1/3 evidence dimensions present,29.02516393340821,-88.92921019040465,5.0,Satellite acquisition timestamp unavailable,single_supporting_evidence_dimension,37
367418240,SHELLEY LAB,IMO9447407,WNAO,90.0,775,4.077999902045412,2025-01-08 11:22:27,29.11805,-88.79316,2025-01-08 00:00:46,29.17646,-88.75494,7.790708846559029,2025-01-08 22:59:47,29.18001,-88.75458,7.825908015251259,-0.0351991686922303,stationary/near-stationary,91.84,50.0,100.0,unavailable,82.61,,6.467,insufficient_data,unknown,0,47,775,2.3,40.1,191.79,151.69,,,not_aligned_with_spill,2025-01-08,28.942782,-88.834958,57.677181,True,False,False,candidate_only,True,1,1/3 evidence dimensions present,29.02516393340821,-88.92921019040465,5.0,Satellite acquisition timestamp unavailable,single_supporting_evidence_dimension,38
367581670,BIG A,,WDG8847,31.0,409,2.6060282201852614,2025-01-08 06:26:41,30.28495,-88.83412,2025-01-08 00:57:02,30.18035,-89.351,49.96557967229371,2025-01-08 12:26:02,30.25517,-88.31911,49.93508831371538,0.0304913585783239,stationary/near-stationary,94.79,50.0,81.8,unavailable,81.64,10.032,9.41,near_stationary,approached_then_departed,51,51,409,5.2,81.6,180.03,98.43,84.0,96.03,not_aligned_with_spill,2025-01-08,28.942782,-88.834958,57.677181,True,True,False,candidate_only,True,2,2/3 evidence dimensions present,29.02516393340821,-88.92921019040465,5.0,Satellite acquisition timestamp unavailable,two_supporting_evidence_dimensions,39
367003390,HENRI,IMO6420850,WDF2420,52.0,400,2.594977298385642,2025-01-08 05:24:13,30.27968,-88.83545,2025-01-08 00:54:13,30.18017,-89.34973,49.842925653141485,2025-01-08 09:51:53,30.25926,-88.31876,49.96824835913744,-0.1253227059959556,stationary/near-stationary,94.81,50.0,80.0,unavailable,81.39,12.469,11.532,near_stationary,approached_then_departed,34,51,400,6.6,78.5,179.98,101.48,77.78,102.2,not_aligned_with_spill,2025-01-08,28.942782,-88.834958,57.677181,True,True,False,candidate_only,True,2,2/3 evidence dimensions present,29.02516393340821,-88.92921019040465,5.0,Satellite acquisition timestamp unavailable,two_supporting_evidence_dimensions,40
368113750,LE FAMILY II,,WDL2613,30.0,382,2.243638050858103,2025-01-08 21:24:59,30.097,-88.83364,2025-01-08 00:04:10,30.1038,-88.78846,5.0314225335412806,2025-01-08 22:59:59,30.10668,-88.83836,2.282651590559276,2.7487709429820044,stationary/near-stationary,95.51,50.0,76.4,unavailable,81.27,2.565,2.294,near_stationary,approached_then_departed,27,30,382,3.0,285.0,180.06,104.94,284.56,104.5,not_aligned_with_spill,2025-01-08,28.942782,-88.834958,57.677181,True,True,False,candidate_only,True,2,2/3 evidence dimensions present,29.02516393340821,-88.92921019040465,5.0,Satellite acquisition timestamp unavailable,two_supporting_evidence_dimensions,41
338302000,MAGNOLIA STATE,IMO9697997,KGNQ,80.0,10,4.092588000987505,2025-01-08 22:59:49,27.59167,-88.80287,2025-01-08 20:41:50,27.58839,-88.33226,49.29801801804693,2025-01-08 22:59:49,27.59167,-88.80287,4.092588000987505,45.20543001705943,approaching,91.81,100.0,2.0,unavailable,80.39,14.739,,insufficient_data,unknown,6,0,10,10.8,270.7,358.81,88.11,,,partially_aligned,2025-01-08,28.942782,-88.834958,57.677181,True,False,False,candidate_only,True,1,1/3 evidence dimensions present,29.02516393340821,-88.92921019040465,5.0,Satellite acquisition timestamp unavailable,single_supporting_evidence_dimension,42
367710550,MS NANCY,IMO9772979,WDI5631,70.0,481,0.446537356665688,2025-01-08 00:18:40,29.17082,-88.83557,2025-01-08 00:00:40,29.1275,-88.77908,5.444275926186726,2025-01-08 22:16:47,29.29218,-89.34885,49.92503278028533,-44.4807568540986,departing,99.11,25.0,96.2,unavailable,80.14,5.444,25.678,departing,approached_then_departed,15,49,481,19.8,309.1,179.87,129.23,309.68,129.82,not_aligned_with_spill,2025-01-08,28.942782,-88.834958,57.677181,True,True,False,candidate_only,True,2,2/3 evidence dimensions present,29.02516393340821,-88.92921019040465,5.0,Satellite acquisition timestamp unavailable,two_supporting_evidence_dimensions,43
368304090,WENDY LOU,,WDN6970,70.0,797,6.162030935180059,2025-01-08 18:30:43,29.39744,-88.89777,2025-01-08 00:00:40,29.4181,-89.05358,21.244277948482097,2025-01-08 23:48:58,29.39112,-89.06779,22.62351238650928,-1.3792344380271793,stationary/near-stationary,87.68,50.0,100.0,unavailable,80.11,13.067,18.625,departing,approached_then_departed,36,31,797,14.6,34.2,173.11,138.91,331.43,158.33,not_aligned_with_spill,2025-01-08,28.942782,-88.834958,57.677181,True,True,False,candidate_only,True,2,2/3 evidence dimensions present,29.02516393340821,-88.92921019040465,5.0,Satellite acquisition timestamp unavailable,two_supporting_evidence_dimensions,44
368083790,YELLOWHAMMER,,WDK7372,57.0,357,2.5988137012508914,2025-01-08 11:45:54,30.28143,-88.83426,2025-01-08 05:20:24,30.18047,-89.33677,48.59097782173658,2025-01-08 18:02:34,30.25904,-88.31961,49.88621718025293,-1.2952393585163475,stationary/near-stationary,94.8,50.0,71.4,unavailable,80.09,3.989,8.624,departing,approached_then_departed,20,43,357,4.4,90.5,180.03,89.53,90.6,89.42,partially_aligned,2025-01-08,28.942782,-88.834958,57.677181,True,True,False,candidate_only,True,2,2/3 evidence dimensions present,29.02516393340821,-88.92921019040465,5.0,Satellite acquisition timestamp unavailable,two_supporting_evidence_dimensions,45
368365320,REMY RHEX,,WDP5641,57.0,356,2.605494684357151,2025-01-08 12:08:11,30.28528,-88.83474,2025-01-08 05:46:02,30.18056,-89.35075,49.94139599539696,2025-01-08 18:14:02,30.26049,-88.31848,49.99509140787011,-0.0536954124731536,stationary/near-stationary,94.79,50.0,71.2,unavailable,80.05,6.689,8.517,departing,approached_then_departed,40,44,356,4.6,93.3,180.01,86.71,92.55,87.46,partially_aligned,2025-01-08,28.942782,-88.834958,57.677181,True,True,False,candidate_only,True,2,2/3 evidence dimensions present,29.02516393340821,-88.92921019040465,5.0,Satellite acquisition timestamp unavailable,two_supporting_evidence_dimensions,46
367483260,GOL COWBOY,IMO9617703,WDH2186,90.0,6,4.340617614947292,2025-01-08 00:51:40,28.58049,-88.8789,2025-01-08 00:03:07,28.63583,-89.01571,17.624423095435223,2025-01-08 00:51:40,28.58049,-88.8789,4.340617614947292,13.283805480487931,approaching,91.32,100.0,1.2,unavailable,79.97,17.624,,insufficient_data,unknown,5,0,6,10.7,75.9,6.06,69.84,,,partially_aligned,2025-01-08,28.942782,-88.834958,57.677181,True,False,False,candidate_only,True,1,1/3 evidence dimensions present,29.02516393340821,-88.92921019040465,5.0,Satellite acquisition timestamp unavailable,single_supporting_evidence_dimension,47
368234960,COLONEL,IMO0628324,WDM7537,52.0,73,6.1800187361449135,2025-01-08 23:40:23,30.28499,-88.77698,2025-01-08 20:33:03,30.25897,-88.32214,49.64196537152841,2025-01-08 23:40:23,30.28499,-88.77698,6.1800187361449135,43.46194663538349,approaching,87.64,100.0,14.6,unavailable,79.77,16.834,,insufficient_data,unknown,6,0,73,7.6,276.7,182.17,94.53,,,not_aligned_with_spill,2025-01-08,28.942782,-88.834958,57.677181,True,False,False,candidate_only,True,1,1/3 evidence dimensions present,29.02516393340821,-88.92921019040465,5.0,Satellite acquisition timestamp unavailable,single_supporting_evidence_dimension,48
367527750,TOMMY MUNRO,IMO8201088,WDG3603,59.0,359,3.538871606347328,2025-01-08 12:57:53,30.38973,-88.85725,2025-01-08 00:00:52,30.38975,-88.85726,3.539490278972255,2025-01-08 23:51:54,30.38974,-88.85725,3.538886939012281,0.0006033399599743,stationary/near-stationary,92.92,50.0,71.8,unavailable,79.02,3.539,3.54,near_stationary,approached_then_departed,18,17,359,0.2,153.6,179.23,25.63,90.0,89.23,heading_toward_spill,2025-01-08,28.942782,-88.834958,57.677181,True,True,True,candidate_only,True,3,3/3 evidence dimensions present,29.02516393340821,-88.92921019040465,5.0,Satellite acquisition timestamp unavailable,multiple_supporting_evidence_dimensions,49
366869040,SEA LION V,IMO8969915,WDA9792,30.0,325,2.8241532936725133,2025-01-08 00:07:41,30.3973,-88.83586,2025-01-08 00:00:39,30.38839,-88.82385,3.003759315493177,2025-01-08 22:59:52,30.413,-88.87947,5.160355674606701,-2.156596359113524,stationary/near-stationary,94.35,50.0,65.0,unavailable,78.86,3.004,5.162,departing,approached_then_departed,3,23,325,6.9,306.5,179.97,126.53,308.51,128.55,not_aligned_with_spill,2025-01-08,28.942782,-88.834958,57.677181,True,True,False,candidate_only,True,2,2/3 evidence dimensions present,29.02516393340821,-88.92921019040465,5.0,Satellite acquisition timestamp unavailable,two_supporting_evidence_dimensions,50
367057310,SUE ELLEN DIAMOND,,WDP5503,52.0,369,3.956509495414499,2025-01-08 08:14:43,30.28482,-88.86577,2025-01-08 03:27:44,30.18028,-89.35006,49.874786286374366,2025-01-08 13:12:04,30.255,-88.3227,49.588503019032935,0.2862832673414317,stationary/near-stationary,92.09,50.0,73.8,unavailable,78.82,13.938,7.894,approaching,approached_then_departed,52,2,369,5.9,86.6,178.85,92.25,88.4,90.44,not_aligned_with_spill,2025-01-08,28.942782,-88.834958,57.677181,True,True,False,candidate_only,True,2,2/3 evidence dimensions present,29.02516393340821,-88.92921019040465,5.0,Satellite acquisition timestamp unavailable,two_supporting_evidence_dimensions,51
368230760,THE O SHEAUX,,WDM7085,37.0,348,3.7528911175679047,2025-01-08 07:41:07,30.39762,-88.86055,2025-01-08 00:05:12,30.39764,-88.86058,3.7548300317324106,2025-01-08 22:59:21,30.39765,-88.8606,3.756118492314159,-0.0012884605817484,stationary/near-stationary,92.49,50.0,69.6,unavailable,78.44,3.755,3.754,near_stationary,approaching,18,9,348,0.0,,179.12,,0.0,179.12,insufficient_data,2025-01-08,28.942782,-88.834958,57.677181,True,False,False,candidate_only,True,1,1/3 evidence dimensions present,29.02516393340821,-88.92921019040465,5.0,Satellite acquisition timestamp unavailable,single_supporting_evidence_dimension,52
367388580,STEPHEN L,,WDE7070,31.0,299,2.604812636089251,2025-01-08 19:13:38,30.28387,-88.83605,2025-01-08 15:09:28,30.1811,-89.34814,49.68918496501867,2025-01-08 22:55:08,30.25571,-88.3194,49.90700551814578,-0.2178205531271118,stationary/near-stationary,94.79,50.0,59.8,unavailable,78.34,13.648,11.046,approaching,approached_then_departed,50,39,299,7.3,88.5,179.96,91.46,90.0,89.96,not_aligned_with_spill,2025-01-08,28.942782,-88.834958,57.677181,True,True,False,candidate_only,True,2,2/3 evidence dimensions present,29.02516393340821,-88.92921019040465,5.0,Satellite acquisition timestamp unavailable,two_supporting_evidence_dimensions,53
368039220,JUSTIN DANG 2,,WDK2815,30.0,45,6.727227836387253,2025-01-08 18:39:56,30.13673,-88.76967,2025-01-08 07:10:54,30.03565,-88.62812,20.130573360618182,2025-01-08 18:39:56,30.13673,-88.76967,6.727227836387253,13.403345524230932,approaching,86.55,100.0,9.0,unavailable,78.28,8.467,,insufficient_data,unknown,7,0,45,9.0,244.6,182.74,61.86,,,partially_aligned,2025-01-08,28.942782,-88.834958,57.677181,True,False,False,candidate_only,True,1,1/3 evidence dimensions present,29.02516393340821,-88.92921019040465,5.0,Satellite acquisition timestamp unavailable,single_supporting_evidence_dimension,54
338190229,SWEET MELISSA,,,37.0,332,3.670769855734975,2025-01-08 05:56:21,30.39763,-88.85924,2025-01-08 00:05:21,30.3976,-88.85926,3.671960324809473,2025-01-08 22:59:22,30.39758,-88.85927,3.6725483750412833,-0.0005880502318107,stationary/near-stationary,92.66,50.0,66.4,unavailable,78.06,3.673,3.673,near_stationary,approached_then_departed,12,18,332,0.0,135.8,179.16,43.36,9.79,169.38,heading_toward_spill,2025-01-08,28.942782,-88.834958,57.677181,True,True,True,candidate_only,True,3,3/3 evidence dimensions present,29.02516393340821,-88.92921019040465,5.0,Satellite acquisition timestamp unavailable,multiple_supporting_evidence_dimensions,55
368099430,AXIS,IMO9700988,WDK8997,70.0,190,0.1897094639738053,2025-01-08 15:10:48,28.85955,-88.83598,2025-01-08 12:25:59,28.84997,-89.34662,49.81087488979321,2025-01-08 17:51:28,28.89528,-88.33377,48.78035207094738,1.0305228188458315,stationary/near-stationary,99.62,50.0,38.0,unavailable,77.97,19.271,17.508,approaching,approached_then_departed,49,24,190,10.4,79.2,0.62,78.58,78.65,78.03,partially_aligned,2025-01-08,28.942782,-88.834958,57.677181,True,True,False,candidate_only,True,2,2/3 evidence dimensions present,29.02516393340821,-88.92921019040465,5.0,Satellite acquisition timestamp unavailable,two_supporting_evidence_dimensions,56
338215082,MAGGIE MAE,,,37.0,329,3.694163753716318,2025-01-08 14:49:27,30.39709,-88.85963,2025-01-08 00:04:24,30.39721,-88.85974,3.7012055992176704,2025-01-08 22:57:06,30.39722,-88.8598,3.7049722588209337,-0.0037666596032632,stationary/near-stationary,92.61,50.0,65.8,unavailable,77.94,3.702,3.701,near_stationary,approached_then_departed,16,19,329,0.0,,179.15,,286.16,107.01,insufficient_data,2025-01-08,28.942782,-88.834958,57.677181,True,True,False,candidate_only,True,2,2/3 evidence dimensions present,29.02516393340821,-88.92921019040465,5.0,Satellite acquisition timestamp unavailable,two_supporting_evidence_dimensions,57
368036740,COMPASS ROSE,,WDK2561,60.0,326,3.712208511149808,2025-01-08 07:37:40,30.38928,-88.8601,2025-01-08 00:00:38,30.38927,-88.86011,3.7128261267424025,2025-01-08 22:57:31,30.38929,-88.86013,3.714120152625808,-0.0012940258834053,stationary/near-stationary,92.58,50.0,65.2,unavailable,77.83,3.713,3.713,near_stationary,mixed,19,11,326,0.0,347.2,179.13,168.07,180.0,0.87,not_aligned_with_spill,2025-01-08,28.942782,-88.834958,57.677181,True,False,False,candidate_only,True,1,1/3 evidence dimensions present,29.02516393340821,-88.92921019040465,5.0,Satellite acquisition timestamp unavailable,single_supporting_evidence_dimension,58
338099677,PATRIYACHTIK,,,37.0,290,3.1219103056563227,2025-01-08 19:37:34,30.43581,-88.84699,2025-01-08 00:04:33,30.43578,-88.847,3.122216015109868,2025-01-08 22:49:34,30.4358,-88.84702,3.122972115000673,-0.0007560998908049,stationary/near-stationary,93.76,50.0,58.0,unavailable,77.45,3.123,3.123,near_stationary,departing,13,7,290,0.0,172.9,179.6,6.7,90.0,89.6,heading_toward_spill,2025-01-08,28.942782,-88.834958,57.677181,True,False,True,candidate_only,True,2,2/3 evidence dimensions present,29.02516393340821,-88.92921019040465,5.0,Satellite acquisition timestamp unavailable,two_supporting_evidence_dimensions,59
538009307,MAYAN,IMO9896799,V7A4569,70.0,383,0.4574702741229483,2025-01-08 02:38:49,29.17672,-88.83438,2025-01-08 00:00:39,28.81567,-88.90173,6.50604194158439,2025-01-08 10:05:58,29.94152,-88.32007,49.89398190200423,-43.38793996041984,departing,99.09,25.0,76.6,unavailable,77.19,5.327,4.866,near_stationary,approached_then_departed,47,44,383,8.1,341.0,180.12,160.88,340.36,160.23,not_aligned_with_spill,2025-01-08,28.942782,-88.834958,57.677181,True,True,False,candidate_only,True,2,2/3 evidence dimensions present,29.02516393340821,-88.92921019040465,5.0,Satellite acquisition timestamp unavailable,two_supporting_evidence_dimensions,60
367338260,DUE SOUTH III,,WTC3165,60.0,301,3.7727282399893327,2025-01-08 18:33:04,30.38961,-88.86104,2025-01-08 00:03:04,30.3896,-88.86107,3.7746502510786577,2025-01-08 23:00:03,30.38961,-88.86108,3.7753103288364818,-0.000660077757824,stationary/near-stationary,92.45,50.0,60.2,unavailable,77.0,3.776,3.776,near_stationary,approached_then_departed,12,18,301,0.0,96.9,179.1,82.2,139.22,39.88,partially_aligned,2025-01-08,28.942782,-88.834958,57.677181,True,True,False,candidate_only,True,2,2/3 evidence dimensions present,29.02516393340821,-88.92921019040465,5.0,Satellite acquisition timestamp unavailable,two_supporting_evidence_dimensions,61
367356340,SEA LION I,IMO8941468,WCY4101,30.0,351,5.20820051791383,2025-01-08 02:48:12,30.41325,-88.88006,2025-01-08 00:00:12,30.41314,-88.88021,5.220212844160124,2025-01-08 22:59:47,30.41318,-88.88017,5.217019446421602,0.0031933977385216,stationary/near-stationary,89.58,50.0,70.2,unavailable,76.78,5.217,5.441,near_stationary,departing,21,5,351,0.0,80.9,178.46,97.56,264.42,85.96,not_aligned_with_spill,2025-01-08,28.942782,-88.834958,57.677181,True,False,False,candidate_only,True,1,1/3 evidence dimensions present,29.02516393340821,-88.92921019040465,5.0,Satellite acquisition timestamp unavailable,single_supporting_evidence_dimension,62
338156416,SOUTHERN MISS,,,37.0,288,3.714988451941916,2025-01-08 22:11:27,30.39721,-88.85996,2025-01-08 00:04:57,30.39716,-88.86006,3.72120343845416,2025-01-08 22:59:27,30.3971,-88.86005,3.720486105540596,0.0007173329135636,stationary/near-stationary,92.57,50.0,57.6,unavailable,76.68,3.722,3.72,near_stationary,departing,15,15,288,0.0,105.6,179.14,73.54,111.13,68.01,partially_aligned,2025-01-08,28.942782,-88.834958,57.677181,True,False,False,candidate_only,True,1,1/3 evidence dimensions present,29.02516393340821,-88.92921019040465,5.0,Satellite acquisition timestamp unavailable,single_supporting_evidence_dimension,63
338175814,DORIS M,,WCE8674,37.0,305,4.483949217744022,2025-01-08 12:51:52,30.3905,-88.87113,2025-01-08 00:05:50,30.39042,-88.87117,4.486865455544329,2025-01-08 22:54:50,30.39046,-88.87119,4.488420179755672,-0.0015547242113429,stationary/near-stationary,91.03,50.0,61.0,unavailable,76.27,4.487,4.487,near_stationary,approached_then_departed,15,15,305,0.0,34.8,178.75,143.95,23.33,155.42,not_aligned_with_spill,2025-01-08,28.942782,-88.834958,57.677181,True,True,False,candidate_only,True,2,2/3 evidence dimensions present,29.02516393340821,-88.92921019040465,5.0,Satellite acquisition timestamp unavailable,two_supporting_evidence_dimensions,64
369371000,RONNIE MURPH,IMO9836696,WDK5028,57.0,66,8.9949601573941,2025-01-08 23:56:54,28.97806,-88.92741,2025-01-08 21:37:54,28.6579,-89.3355,48.775983143644495,2025-01-08 23:56:54,28.97806,-88.92741,8.9949601573941,39.78102298625039,approaching,82.01,100.0,13.2,unavailable,76.19,29.224,,insufficient_data,unknown,25,0,66,13.6,58.2,113.54,55.34,,,partially_aligned,2025-01-08,28.942782,-88.834958,57.677181,True,False,False,candidate_only,True,1,1/3 evidence dimensions present,29.02516393340821,-88.92921019040465,5.0,Satellite acquisition timestamp unavailable,single_supporting_evidence_dimension,65
367185330,PHUOC THANH MAI III,IMO8941432,WDD7355,30.0,324,5.144152627392127,2025-01-08 03:37:02,30.41289,-88.87927,2025-01-08 00:01:02,30.41292,-88.87932,5.148204018892291,2025-01-08 22:58:04,30.41293,-88.87931,5.147410552372985,0.0007934665193056,stationary/near-stationary,89.71,50.0,64.8,unavailable,76.05,5.147,5.148,near_stationary,departing,15,17,324,0.0,120.8,178.49,57.69,156.67,21.81,partially_aligned,2025-01-08,28.942782,-88.834958,57.677181,True,False,False,candidate_only,True,1,1/3 evidence dimensions present,29.02516393340821,-88.92921019040465,5.0,Satellite acquisition timestamp unavailable,single_supporting_evidence_dimension,66
367391920,GOL SUPPORTER,IMO9559157,WDP3262,70.0,132,0.5360511670194011,2025-01-08 07:30:36,28.79244,-88.83034,2025-01-08 04:53:26,28.61345,-89.34511,49.723884921793896,2025-01-08 15:19:47,29.13723,-88.35693,46.47319635748475,3.250688564309144,stationary/near-stationary,98.93,50.0,26.4,unavailable,75.82,18.722,14.892,approaching,approached_then_departed,39,18,132,11.4,68.3,358.46,69.84,67.75,69.29,partially_aligned,2025-01-08,28.942782,-88.834958,57.677181,True,True,False,candidate_only,True,2,2/3 evidence dimensions present,29.02516393340821,-88.92921019040465,5.0,Satellite acquisition timestamp unavailable,two_supporting_evidence_dimensions,67
477346500,HENRIKA SCHULTE,IMO9535163,VRJF2,72.0,112,0.3427777413914392,2025-01-08 06:27:17,28.78391,-88.83342,2025-01-08 02:00:01,29.13625,-89.25733,41.062964617550456,2025-01-08 20:39:01,29.16095,-89.25549,40.879649488477234,0.1833151290732217,stationary/near-stationary,99.31,50.0,22.4,unavailable,75.45,21.122,5.469,approaching,approached_then_departed,24,6,112,12.3,80.0,359.51,80.49,79.27,79.76,partially_aligned,2025-01-08,28.942782,-88.834958,57.677181,True,True,False,candidate_only,True,2,2/3 evidence dimensions present,29.02516393340821,-88.92921019040465,5.0,Satellite acquisition timestamp unavailable,two_supporting_evidence_dimensions,68
338300989,SHANNONIGANS,,,37.0,309,5.542540401967191,2025-01-08 17:39:27,30.39147,-88.8844,2025-01-08 00:03:27,30.39147,-88.88441,5.543372992952194,2025-01-08 22:57:27,30.39148,-88.88441,5.543382625195945,-9.632243751056537e-06,stationary/near-stationary,88.91,50.0,61.8,unavailable,75.12,5.544,5.544,near_stationary,approached_then_departed,15,16,309,0.1,112.4,178.29,65.89,0.0,178.29,partially_aligned,2025-01-08,28.942782,-88.834958,57.677181,True,True,False,candidate_only,True,2,2/3 evidence dimensions present,29.02516393340821,-88.92921019040465,5.0,Satellite acquisition timestamp unavailable,two_supporting_evidence_dimensions,69
367725310,MY ANGEL,IMO8036299,WDI7096,30.0,390,2.466321052164468,2025-01-08 18:27:48,30.21102,-88.83333,2025-01-08 00:00:47,30.41258,-88.87873,5.100498807097449,2025-01-08 22:56:16,29.92889,-89.03642,19.602347864094806,-14.501849056997358,departing,95.07,25.0,78.0,unavailable,74.99,6.365,5.052,approaching,approached_then_departed,28,23,390,8.7,238.1,180.06,58.04,239.22,59.15,partially_aligned,2025-01-08,28.942782,-88.834958,57.677181,True,True,False,candidate_only,True,2,2/3 evidence dimensions present,29.02516393340821,-88.92921019040465,5.0,Satellite acquisition timestamp unavailable,two_supporting_evidence_dimensions,70
366911650,GOL POWER,IMO8980701,WDP3263,70.0,45,0.6494328139013504,2025-01-08 01:40:55,28.63064,-88.83736,2025-01-08 00:28:56,28.6285,-89.03461,19.466401875141763,2025-01-08 02:55:45,28.73218,-88.63404,19.574799258589085,-0.1083973834473219,stationary/near-stationary,98.7,50.0,9.0,unavailable,73.07,7.847,15.374,departing,approached_then_departed,8,31,45,9.7,61.4,0.39,61.01,60.52,60.14,partially_aligned,2025-01-08,28.942782,-88.834958,57.677181,True,True,False,candidate_only,True,2,2/3 evidence dimensions present,29.02516393340821,-88.92921019040465,5.0,Satellite acquisition timestamp unavailable,two_supporting_evidence_dimensions,71
538008360,ATLANTIC SAMURAI,IMO9783980,V7A2277,70.0,116,2.611436196492106,2025-01-08 20:34:47,27.68446,-88.84441,2025-01-08 16:14:59,26.87104,-88.53392,29.847044094794995,2025-01-08 23:57:28,28.35765,-89.11527,27.376096151282933,2.470947943512062,stationary/near-stationary,94.78,50.0,23.2,unavailable,72.85,7.225,9.029,departing,approached_then_departed,4,14,116,12.8,340.3,0.38,20.08,342.25,18.12,motion_toward_spill,2025-01-08,28.942782,-88.834958,57.677181,True,True,True,candidate_only,True,3,3/3 evidence dimensions present,29.02516393340821,-88.92921019040465,5.0,Satellite acquisition timestamp unavailable,multiple_supporting_evidence_dimensions,72
367471790,PRINCESS JASMINE II,IMO8969977,WDF6208,30.0,374,4.126894124140082,2025-01-08 12:44:24,30.088,-88.79902,2025-01-08 00:00:57,30.10901,-88.65278,17.7700378118913,2025-01-08 18:58:20,30.29463,-88.32464,49.39527957907226,-31.62524176718096,departing,91.75,25.0,74.8,unavailable,72.52,8.385,6.745,approaching,approached_then_departed,20,28,374,2.6,344.7,181.57,163.13,338.62,157.05,not_aligned_with_spill,2025-01-08,28.942782,-88.834958,57.677181,True,True,False,candidate_only,True,2,2/3 evidence dimensions present,29.02516393340821,-88.92921019040465,5.0,Satellite acquisition timestamp unavailable,two_supporting_evidence_dimensions,73
367711830,AMERICAN COURAGE,,WDI5758,31.0,312,2.6137782065907125,2025-01-08 01:48:50,30.28536,-88.8371,2025-01-08 00:00:40,30.28293,-88.66768,16.37732025775233,2025-01-08 07:25:20,30.18042,-89.35005,49.8737980133054,-33.496477755553066,departing,94.77,25.0,62.4,unavailable,72.47,8.956,9.726,near_stationary,approached_then_departed,33,35,312,5.0,254.5,179.92,74.58,258.67,78.75,partially_aligned,2025-01-08,28.942782,-88.834958,57.677181,True,True,False,candidate_only,True,2,2/3 evidence dimensions present,29.02516393340821,-88.92921019040465,5.0,Satellite acquisition timestamp unavailable,two_supporting_evidence_dimensions,74
338384136,TIME CHANGE,,,30.0,117,3.7527894974924223,2025-01-08 16:06:42,30.39755,-88.86055,2025-01-08 00:00:42,30.39754,-88.86058,3.7546849357740792,2025-01-08 22:24:41,30.39752,-88.86057,3.754019119674225,0.000665816099854,stationary/near-stationary,92.49,50.0,23.4,unavailable,71.51,3.755,3.755,near_stationary,approached_then_departed,7,5,117,0.0,,179.12,,203.33,24.21,insufficient_data,2025-01-08,28.942782,-88.834958,57.677181,True,True,False,candidate_only,True,2,2/3 evidence dimensions present,29.02516393340821,-88.92921019040465,5.0,Satellite acquisition timestamp unavailable,two_supporting_evidence_dimensions,75
367381000,SEAKAY VALOR,IMO9353541,WGEH,80.0,43,1.9647332666390145,2025-01-08 16:42:36,27.93845,-88.83243,2025-01-08 14:52:37,27.81235,-88.34174,48.299858320209694,2025-01-08 18:28:48,27.99185,-89.33487,48.89915076910787,-0.5992924488981757,stationary/near-stationary,96.07,50.0,8.6,unavailable,71.43,26.082,25.991,near_stationary,approached_then_departed,8,10,43,14.9,287.2,359.87,72.67,286.23,73.64,partially_aligned,2025-01-08,28.942782,-88.834958,57.677181,True,True,False,candidate_only,True,2,2/3 evidence dimensions present,29.02516393340821,-88.92921019040465,5.0,Satellite acquisition timestamp unavailable,two_supporting_evidence_dimensions,76
366983730,MR LLOYD,IMO8988480,WDH6207,60.0,177,0.4493335516100809,2025-01-08 19:22:30,29.06223,-88.831,2025-01-08 09:45:56,28.89478,-89.27682,43.00631996443352,2025-01-08 20:40:14,28.87097,-89.34455,49.60421950736104,-6.5978995429275145,departing,99.1,25.0,35.4,unavailable,71.02,9.872,24.122,departing,approached_then_departed,22,27,177,21.5,268.3,181.66,86.64,260.05,78.39,partially_aligned,2025-01-08,28.942782,-88.834958,57.677181,True,True,False,candidate_only,True,2,2/3 evidence dimensions present,29.02516393340821,-88.92921019040465,5.0,Satellite acquisition timestamp unavailable,two_supporting_evidence_dimensions,77
366847780,PACIFIC DAWN,IMO7400467,WDA7844,31.0,169,0.460960631412637,2025-01-08 01:05:27,29.17994,-88.83522,2025-01-08 00:00:36,29.11658,-88.92357,8.621918256495672,2025-01-08 06:41:46,29.54144,-88.34196,47.8461541463565,-39.22423588986082,departing,99.08,25.0,33.8,unavailable,70.77,7.958,8.684,near_stationary,approached_then_departed,51,48,169,5.9,53.3,179.94,126.64,48.49,131.45,not_aligned_with_spill,2025-01-08,28.942782,-88.834958,57.677181,True,True,False,candidate_only,True,2,2/3 evidence dimensions present,29.02516393340821,-88.92921019040465,5.0,Satellite acquisition timestamp unavailable,two_supporting_evidence_dimensions,78
367151180,SUN TRAE,IMO0001537,WRA5168,31.0,326,9.707401422029369,2025-01-08 17:15:46,29.35399,-88.93458,2025-01-08 12:01:16,29.29217,-89.34851,49.89200982513525,2025-01-08 21:48:31,29.30322,-89.32582,47.68580702752357,2.206202797611681,stationary/near-stationary,80.59,50.0,65.2,unavailable,70.63,13.127,21.247,departing,approached_then_departed,41,29,326,0.5,157.3,168.03,10.73,346.39,178.36,heading_toward_spill,2025-01-08,28.942782,-88.834958,57.677181,True,True,True,candidate_only,True,3,3/3 evidence dimensions present,29.02516393340821,-88.92921019040465,5.0,Satellite acquisition timestamp unavailable,multiple_supporting_evidence_dimensions,79
367033250,KYLE JOSEPH,,WDC4945,31.0,246,2.6068917988097087,2025-01-08 00:30:05,30.28506,-88.83599,2025-01-08 00:00:05,30.28652,-88.76921,6.869481796712654,2025-01-08 04:46:44,30.18043,-89.35114,49.97909099899364,-43.109609202280986,departing,94.79,25.0,49.2,unavailable,70.5,6.869,12.974,departing,approached_then_departed,25,51,246,6.9,270.1,179.96,90.14,269.49,89.53,not_aligned_with_spill,2025-01-08,28.942782,-88.834958,57.677181,True,True,False,candidate_only,True,2,2/3 evidence dimensions present,29.02516393340821,-88.92921019040465,5.0,Satellite acquisition timestamp unavailable,two_supporting_evidence_dimensions,80
368252580,SEA LION VI,,WDM9431,30.0,128,5.230016904149961,2025-01-08 18:58:42,30.41323,-88.88033,2025-01-08 00:10:43,30.41324,-88.88038,5.234075501868015,2025-01-08 22:58:42,30.41321,-88.88038,5.234044323571454,3.117829656140714e-05,stationary/near-stationary,89.54,50.0,25.6,unavailable,70.06,5.234,5.235,near_stationary,approached_then_departed,7,7,128,0.0,,178.45,,270.0,91.55,insufficient_data,2025-01-08,28.942782,-88.834958,57.677181,True,True,False,candidate_only,True,2,2/3 evidence dimensions present,29.02516393340821,-88.92921019040465,5.0,Satellite acquisition timestamp unavailable,two_supporting_evidence_dimensions,81
367314340,CHIEF,IMO8988492,WDN9146,62.0,263,8.998574816607904,2025-01-08 13:39:03,29.17873,-88.92742,2025-01-08 08:54:53,29.2768,-89.34951,49.99250664242921,2025-01-08 16:14:37,29.29176,-89.34896,49.93580897756569,0.0566976648635204,stationary/near-stationary,82.0,50.0,52.6,unavailable,69.59,12.878,29.404,departing,approached_then_departed,50,32,263,18.8,8.7,161.07,152.37,1.46,159.61,not_aligned_with_spill,2025-01-08,28.942782,-88.834958,57.677181,True,True,False,candidate_only,True,2,2/3 evidence dimensions present,29.02516393340821,-88.92921019040465,5.0,Satellite acquisition timestamp unavailable,two_supporting_evidence_dimensions,82
366709000,LEGEND,IMO9601792,WDF9316,32.0,118,5.4637303912952575,2025-01-08 14:42:53,28.00772,-88.78223,2025-01-08 07:22:52,29.27134,-89.34689,49.73918904493817,2025-01-08 17:02:44,27.72171,-88.33882,48.61367359284271,1.125515452095463,stationary/near-stationary,89.07,50.0,23.6,unavailable,69.48,,23.802,insufficient_data,unknown,0,7,118,12.5,126.4,357.17,129.23,,,not_aligned_with_spill,2025-01-08,28.942782,-88.834958,57.677181,True,False,False,candidate_only,True,1,1/3 evidence dimensions present,29.02516393340821,-88.92921019040465,5.0,Satellite acquisition timestamp unavailable,single_supporting_evidence_dimension,83
338031736,ANGEL'S WING,,,37.0,28,3.567649823769502,2025-01-08 17:51:11,30.38958,-88.85774,2025-01-08 17:42:35,30.38963,-88.85775,3.568321921298469,2025-01-08 19:16:10,30.38961,-88.85778,3.570080729078999,-0.0017588077805297,stationary/near-stationary,92.86,50.0,5.6,unavailable,69.06,3.568,3.569,near_stationary,approached_then_departed,2,16,28,0.0,,179.21,,196.04,16.83,insufficient_data,2025-01-08,28.942782,-88.834958,57.677181,True,True,False,candidate_only,True,2,2/3 evidence dimensions present,29.02516393340821,-88.92921019040465,5.0,Satellite acquisition timestamp unavailable,two_supporting_evidence_dimensions,84
311001006,DOLE AZTEC,IMO9877731,C6EU7,70.0,181,2.3468108485176224,2025-01-08 04:55:10,30.11644,-88.8408,2025-01-08 00:02:52,30.35476,-89.09183,24.97155268725715,2025-01-08 06:56:30,29.94894,-88.3198,49.91880802069795,-24.9472553334408,departing,95.31,25.0,36.2,unavailable,68.86,15.925,27.05,departing,approached_then_departed,24,35,181,13.0,90.7,179.75,89.05,91.41,88.34,partially_aligned,2025-01-08,28.942782,-88.834958,57.677181,True,True,False,candidate_only,True,2,2/3 evidence dimensions present,29.02516393340821,-88.92921019040465,5.0,Satellite acquisition timestamp unavailable,two_supporting_evidence_dimensions,85
369050000,STIM STAR III,IMO9274991,WDA7484,70.0,112,0.6666743108656166,2025-01-08 13:12:12,28.625,-88.83236,2025-01-08 10:47:43,28.62738,-89.24998,40.45029854723826,2025-01-08 16:14:34,28.62627,-88.33085,49.13156620523074,-8.681267657992478,departing,98.67,25.0,22.4,unavailable,68.81,16.409,16.422,near_stationary,approached_then_departed,21,21,112,8.9,88.9,359.59,89.31,89.44,89.85,partially_aligned,2025-01-08,28.942782,-88.834958,57.677181,True,True,False,candidate_only,True,2,2/3 evidence dimensions present,29.02516393340821,-88.92921019040465,5.0,Satellite acquisition timestamp unavailable,two_supporting_evidence_dimensions,86
368330810,BUCKSHOT,IMO1338517,WDN9847,57.0,179,2.6035734376947897,2025-01-08 00:43:39,30.28429,-88.83474,2025-01-08 00:00:01,30.28216,-88.91811,8.447559094396647,2025-01-08 05:24:36,30.25548,-88.31874,49.97076384543667,-41.523204751040026,departing,94.79,25.0,35.8,unavailable,68.5,8.448,10.946,departing,approached_then_departed,26,36,179,6.0,89.1,180.01,90.91,88.55,91.46,not_aligned_with_spill,2025-01-08,28.942782,-88.834958,57.677181,True,True,False,candidate_only,True,2,2/3 evidence dimensions present,29.02516393340821,-88.92921019040465,5.0,Satellite acquisition timestamp unavailable,two_supporting_evidence_dimensions,87
366748650,DYLAN JOHN,IMO8977390,WDF9465,60.0,155,7.494024035567665,2025-01-08 14:52:31,28.93712,-88.91197,2025-01-08 09:59:19,29.27185,-89.34839,49.88479277029711,2025-01-08 17:57:44,29.27144,-89.34768,49.81591064896274,0.0688821213343686,stationary/near-stationary,85.01,50.0,31.0,unavailable,68.16,7.501,15.272,departing,approached_then_departed,10,6,155,0.1,132.8,85.18,47.62,229.4,144.22,partially_aligned,2025-01-08,28.942782,-88.834958,57.677181,True,True,False,candidate_only,True,2,2/3 evidence dimensions present,29.02516393340821,-88.92921019040465,5.0,Satellite acquisition timestamp unavailable,two_supporting_evidence_dimensions,88
367571450,EVEREADY,IMO8973447,WDG7850,60.0,165,8.308911319845068,2025-01-08 01:05:28,29.29739,-88.9202,2025-01-08 00:00:00,29.36473,-89.09211,24.98477909783671,2025-01-08 21:31:50,29.37922,-89.13718,29.35811545657926,-4.373336358742549,stationary/near-stationary,83.38,50.0,33.0,unavailable,67.48,22.134,9.979,approaching,approached_then_departed,52,48,165,0.7,1.3,168.12,166.82,119.83,48.29,not_aligned_with_spill,2025-01-08,28.942782,-88.834958,57.677181,True,True,False,candidate_only,True,2,2/3 evidence dimensions present,29.02516393340821,-88.92921019040465,5.0,Satellite acquisition timestamp unavailable,two_supporting_evidence_dimensions,89
234612057,UNKNOWN,,,,2,4.635892474839688,2025-01-08 22:32:53,30.44113,-88.87234,2025-01-08 21:21:46,30.44075,-88.87244,4.642962272678741,2025-01-08 22:32:53,30.44113,-88.87234,4.635892474839688,0.007069797839053,stationary/near-stationary,90.73,50.0,0.4,unavailable,67.0,,,insufficient_data,unknown,0,0,2,0.4,12.5,178.75,166.25,,,not_aligned_with_spill,2025-01-08,28.942782,-88.834958,57.677181,True,False,False,candidate_only,True,1,1/3 evidence dimensions present,29.02516393340821,-88.92921019040465,5.0,Satellite acquisition timestamp unavailable,single_supporting_evidence_dimension,90
367773540,LUCY,IMO9732486,WDJ4010,70.0,75,1.798857361103088,2025-01-08 02:45:45,28.30417,-88.8216,2025-01-08 00:11:06,28.1789,-88.5003,32.71656102626744,2025-01-08 06:09:55,28.54121,-89.34444,49.67764577695733,-16.961084750689885,departing,96.4,25.0,15.0,unavailable,66.34,14.152,13.814,near_stationary,approached_then_departed,14,13,75,9.1,293.2,358.95,65.75,293.88,65.07,partially_aligned,2025-01-08,28.942782,-88.834958,57.677181,True,True,False,candidate_only,True,2,2/3 evidence dimensions present,29.02516393340821,-88.92921019040465,5.0,Satellite acquisition timestamp unavailable,two_supporting_evidence_dimensions,91
368087000,C-CARRIER,IMO9205122,WCY2601,79.0,43,7.945037445345047,2025-01-08 22:42:12,28.22182,-88.75486,2025-01-08 16:30:57,28.20885,-88.7368,9.690100283670615,2025-01-08 22:42:12,28.22182,-88.75486,7.945037445345047,1.745062838325568,stationary/near-stationary,84.11,50.0,8.6,unavailable,64.26,9.716,,insufficient_data,unknown,1,0,43,5.9,19.6,354.45,25.15,,,heading_toward_spill,2025-01-08,28.942782,-88.834958,57.677181,True,False,True,candidate_only,True,2,2/3 evidence dimensions present,29.02516393340821,-88.92921019040465,5.0,Satellite acquisition timestamp unavailable,two_supporting_evidence_dimensions,92
477669700,DA MING SHAN,IMO9779745,VRPU5,80.0,65,3.4657293957834847,2025-01-08 07:34:37,27.89107,-88.8636,2025-01-08 06:26:28,27.67795,-88.74531,9.11225803070611,2025-01-08 13:47:28,28.87536,-89.34842,49.979846959012114,-40.867588928306006,departing,93.07,25.0,13.0,unavailable,64.04,,12.773,insufficient_data,unknown,0,6,65,12.6,333.6,1.37,27.77,,,heading_toward_spill,2025-01-08,28.942782,-88.834958,57.677181,True,False,True,candidate_only,True,2,2/3 evidence dimensions present,29.02516393340821,-88.92921019040465,5.0,Satellite acquisition timestamp unavailable,two_supporting_evidence_dimensions,93
311002500,G B CORRADO,IMO9314624,C6WY2,70.0,17,2.2796559602068385,2025-01-08 01:03:36,27.90237,-88.84578,2025-01-08 00:18:28,28.02275,-88.92199,8.691187518185616,2025-01-08 04:32:27,27.33471,-88.43359,39.47373212963207,-30.78254461144645,departing,95.44,25.0,3.4,unavailable,64.02,8.691,3.174,approaching,approaching,8,1,17,11.0,148.0,0.52,147.48,148.15,147.63,not_aligned_with_spill,2025-01-08,28.942782,-88.834958,57.677181,True,False,False,candidate_only,True,1,1/3 evidence dimensions present,29.02516393340821,-88.92921019040465,5.0,Satellite acquisition timestamp unavailable,single_supporting_evidence_dimension,94
367391924,UNKNOWN,,,,1,7.353614743862512,2025-01-08 07:06:47,28.76384,-88.91038,2025-01-08 07:06:47,28.76384,-88.91038,7.353614743862512,2025-01-08 07:06:47,28.76384,-88.91038,7.353614743862512,0.0,stationary/near-stationary,85.29,50.0,0.2,unavailable,63.71,,,insufficient_data,unknown,0,0,1,10.0,68.1,20.24,47.86,,,partially_aligned,2025-01-08,28.942782,-88.834958,57.677181,True,False,False,candidate_only,True,1,1/3 evidence dimensions present,29.02516393340821,-88.92921019040465,5.0,Satellite acquisition timestamp unavailable,single_supporting_evidence_dimension,95
636017828,STOLT KIRI,IMO9266231,D5MW8,82.0,83,4.763411091458011,2025-01-08 18:23:07,27.77239,-88.87775,2025-01-08 18:23:07,27.77239,-88.87775,4.763411091458011,2025-01-08 22:40:07,28.68237,-89.31684,46.95185802350285,-42.18844693204484,departing,90.47,25.0,16.6,unavailable,63.02,,13.582,insufficient_data,unknown,0,6,83,13.9,333.6,1.83,28.23,,,heading_toward_spill,2025-01-08,28.942782,-88.834958,57.677181,True,False,True,candidate_only,True,2,2/3 evidence dimensions present,29.02516393340821,-88.92921019040465,5.0,Satellite acquisition timestamp unavailable,two_supporting_evidence_dimensions,96
